{
    "rmse": 0.7807593111759146,
    "mae": 0.6360642194246638,
    "r2": 0.06720790143965416
}